{"type": "block", "layer": 1, "block": 0, "features": [{"geom": {"polygons": [[[[-151.2753917267546, 50.14582648873329], [-84.56468425446656, 75.62695340067148], [-80.50403249566443, 67.54861974343657], [-146.63464685902, 41.59482437185943], [-151.2753917267546, 50.14582648873329]]]], "centroids": [[-116.13217504345812, 58.58249631524086, 31.5]], "h": 4.5}, "mtl": {"idx": 0}}], "featureCount": 1, "startIndex": 0}