{"type": "block", "layer": 3, "block": 0, "features": [{"geom": {"polygons": [[[[-151.9199396247277, 49.88800732791424], [-127.36266470036935, 59.62068059295416], [-123.21607322141062, 50.70443466491997], [-148.43938097404316, 40.99324633181095], [-151.9199396247277, 49.88800732791424]]]], "centroids": [[-137.67113421682734, 50.30676404759288, 27.0]], "h": 4.5}, "mtl": {"idx": 0}}], "featureCount": 1, "startIndex": 0}