{"type": "block", "layer": 4, "block": 0, "features": [{"geom": {"triangles": {"v": [-190.98853462841362, 40.1547073610127, 27.0, -183.23853462841362, 27.154707361012697, 27.0, -167.48853462841362, 49.1547073610127, 27.0, -185.61353462841362, 26.154707361012697, 27.0, -155.11353462841362, 38.1547073610127, 27.0, -157.80103462841362, 53.1547073610127, 27.0, -168.86353462841362, 53.1547073610127, 27.0, -159.30103462841362, 57.1547073610127, 27.0, -173.98853462841362, 66.1547073610127, 27.0, -164.55103462841362, 71.1547073610127, 27.0, -174.36353462841362, 67.1547073610127, 27.0, -166.55103462841362, 76.1547073610127, 27.0, -176.48853462841362, 72.1547073610127, 27.0, -169.11353462841362, 82.1547073610127, 27.0, -178.98853462841362, 78.1547073610127, 27.0, -179.55103462841362, 80.1547073610127, 27.0, -170.36353462841362, 86.1547073610127, 27.0, -153.11353462841362, 55.1547073610127, 27.0, -95.86353462841362, 61.1547073610127, 27.0, -101.23853462841362, 75.1547073610127, 27.0, -93.86353462841362, 62.1547073610127, 27.0, -78.36353462841362, 84.1547073610127, 27.0, -77.11353462841362, 84.1547073610127, 27.0, -43.86353462841362, 81.1547073610127, 27.0, -69.05103462841362, 87.1547073610127, 27.0, -76.36353462841362, 89.1547073610127, 27.0, -72.73853462841362, 91.1547073610127, 27.0, -72.36353462841362, 95.1547073610127, 27.0, -78.73853462841362, 91.1547073610127, 27.0, -77.80103462841362, 90.1547073610127, 27.0, -78.30103462841362, 96.1547073610127, 27.0, -79.05103462841362, 95.1547073610127, 27.0, -79.55103462841362, 92.1547073610127, 27.0, -79.73853462841362, 93.1547073610127, 27.0, -79.67603462841362, 94.1547073610127, 27.0, -76.86353462841362, 97.1547073610127, 27.0, -72.98853462841362, 96.1547073610127, 27.0, -75.42603462841362, 97.1547073610127, 27.0, -74.23853462841362, 97.1547073610127, 27.0, -72.05103462841362, 92.1547073610127, 27.0, -71.92603462841362, 94.1547073610127, 27.0, -71.86353462841362, 93.1547073610127, 27.0, -67.61353462841362, 88.1547073610127, 27.0, -49.30103462841362, 95.1547073610127, 27.0, -5.488534628413618, 96.1547073610127, 27.0, -10.801034628413618, 110.1547073610127, 27.0], "f": [0, 1, 2, 0, 3, 1, 2, 1, 4, 5, 2, 4, 5, 6, 2, 7, 6, 5, 8, 6, 7, 9, 8, 7, 10, 8, 9, 9, 11, 10, 11, 12, 10, 13, 12, 11, 14, 12, 13, 13, 15, 14, 16, 15, 13, 5, 4, 17, 18, 17, 4, 19, 17, 18, 19, 18, 20, 21, 19, 20, 22, 21, 20, 23, 22, 20, 24, 22, 23, 25, 22, 24, 26, 25, 24, 27, 25, 26, 28, 25, 27, 28, 29, 25, 28, 27, 30, 28, 30, 31, 31, 32, 28, 31, 33, 32, 31, 34, 33, 27, 35, 30, 27, 36, 35, 36, 37, 35, 38, 37, 36, 27, 26, 39, 27, 39, 40, 40, 39, 41, 42, 24, 23, 43, 42, 23, 44, 43, 23, 45, 43, 44]}, "centroids": [[-105.12844598456286, 68.76975932903588, 27.0]]}, "mtl": {"idx": 0}}], "featureCount": 1, "startIndex": 0}