{"type": "block", "layer": 5, "block": 0, "features": [{"geom": {"polygons": [[[[-173.23693001188803, 41.322059508413076], [-145.73673380631953, 51.83467631973326], [-142.21745470375754, 43.40888769365847], [-169.8778024005005, 32.70718991570175], [-173.23693001188803, 41.322059508413076]]]], "centroids": [[-157.79487170581706, 42.301484886556864, 22.5]], "h": 4.5}, "mtl": {"idx": 0}}], "featureCount": 1, "startIndex": 0}