{"type": "block", "layer": 6, "block": 0, "features": [{"geom": {"polygons": [[[[-175.29408059921116, 46.597916996106505], [-169.8778024005005, 32.70718991570175], [-185.59303462842945, 26.59490736015141], [-190.9836346283555, 40.52910736016929], [-175.29408059921116, 46.597916996106505]]]], "centroids": [[-180.43881670432165, 36.60348673723638, 22.5]], "h": 4.5}, "mtl": {"idx": 0}}], "featureCount": 1, "startIndex": 0}