{"type": "block", "layer": 13, "block": 0, "features": [{"geom": {"polygons": [[[[-5.51753462839406, 95.79020736180246], [-43.89173462835606, 81.14400736056268], [-93.87393462844193, 62.067307360470295], [-95.84783462842461, 61.31390736065805], [-155.08813462837134, 38.396107360720634], [-183.2625346283894, 27.496507361531258], [-185.59303462842945, 26.59490736015141], [-190.9836346283555, 40.52910736016929], [-167.49903462838847, 49.61440736055374], [-168.89333462843206, 53.130607360973954], [-173.96113462839276, 65.91140736080706], [-174.3667346284492, 66.93410736136138], [-176.4671346284449, 72.23120736144483], [-179.00953462836333, 78.64290736056864], [-179.5402346283663, 79.98150736093521], [-170.36943462840281, 85.86430736072361], [-169.09263462841045, 82.56260736100376], [-166.53343462839257, 75.94500736147165], [-164.57903462846298, 70.8914073612541], [-159.27933462837245, 57.18700736016035], [-157.80163462844212, 53.36600736156106], [-153.08413462841418, 55.191007360816], [-101.23843462846708, 75.24810736067593], [-78.35223462840077, 84.03530736081302], [-77.13933462835848, 84.50100736133754], [-76.3486346284626, 89.3513073604554], [-77.79323462839238, 89.74310736171901], [-78.72263462841511, 90.75030736066401], [-79.53273462841753, 92.09470736049116], [-79.7281346283853, 93.04430736042559], [-79.65963462844957, 94.21130736172199], [-79.07403462845832, 95.42820736020803], [-78.27093462843914, 96.30910736136138], [-76.87803462846205, 97.09590736031532], [-75.39863462839276, 97.1492073610425], [-74.21933462843299, 96.99690736085176], [-73.00173462845851, 96.1110073607415], [-72.36113462841604, 95.12690736167133], [-71.93683462846093, 94.06990736164153], [-71.86083462846, 92.84320736117661], [-72.07453462842386, 91.96440736018121], [-72.70853462838568, 90.84350736066699], [-69.03173462837003, 87.61390736140311], [-67.63213462836575, 88.15130736120045], [-49.304534628405236, 95.18810736015439], [-10.822234628372826, 109.96330736018717], [-5.51753462839406, 95.79020736180246]]]], "centroids": [[-105.12844598456286, 68.76975932903588, 0.0]], "h": 40.5}, "mtl": {"idx": 0}}], "featureCount": 1, "startIndex": 0}