{"type": "block", "layer": 1, "block": 0, "features": [{"geom": {"polygons": [[[[-121.71212812559679, 7.519725481048226], [-55.00142065330874, 33.00085239298642], [-50.94076889450662, 24.92251873575151], [-117.07138325786218, -1.031276635825634], [-121.71212812559679, 7.519725481048226]]]], "centroids": [[-86.5689114423003, 15.956395307555795, 31.5]], "h": 4.5}, "mtl": {"idx": 0}}], "featureCount": 1, "startIndex": 0}