{"type": "block", "layer": 3, "block": 0, "features": [{"geom": {"polygons": [[[[-122.35667602356989, 7.261906320229173], [-97.79940109921154, 16.994579585269094], [-93.65280962025281, 8.078333657234907], [-118.87611737288535, -1.632854675874114], [-122.35667602356989, 7.261906320229173]]]], "centroids": [[-108.10787061566953, 7.680663039907813, 27.0]], "h": 4.5}, "mtl": {"idx": 0}}], "featureCount": 1, "startIndex": 0}