{"type": "block", "layer": 4, "block": 0, "features": [{"geom": {"triangles": {"v": [-161.4252710272558, -2.471393646672368, 27.0, -153.6752710272558, -15.471393646672368, 27.0, -137.9252710272558, 6.528606353327632, 27.0, -156.0502710272558, -16.471393646672368, 27.0, -125.5502710272558, -4.471393646672368, 27.0, -128.2377710272558, 10.528606353327632, 27.0, -139.3002710272558, 10.528606353327632, 27.0, -129.7377710272558, 14.528606353327632, 27.0, -144.4252710272558, 23.528606353327632, 27.0, -134.9877710272558, 28.528606353327632, 27.0, -144.8002710272558, 24.528606353327632, 27.0, -136.9877710272558, 33.52860635332763, 27.0, -146.9252710272558, 29.528606353327632, 27.0, -139.5502710272558, 39.52860635332763, 27.0, -149.4252710272558, 35.52860635332763, 27.0, -149.9877710272558, 37.52860635332763, 27.0, -140.8002710272558, 43.52860635332763, 27.0, -123.5502710272558, 12.528606353327632, 27.0, -66.3002710272558, 18.528606353327632, 27.0, -71.6752710272558, 32.52860635332763, 27.0, -64.3002710272558, 19.528606353327632, 27.0, -48.8002710272558, 41.52860635332763, 27.0, -47.5502710272558, 41.52860635332763, 27.0, -14.300271027255803, 38.52860635332763, 27.0, -39.4877710272558, 44.52860635332763, 27.0, -46.8002710272558, 46.52860635332763, 27.0, -43.1752710272558, 48.52860635332763, 27.0, -42.8002710272558, 52.52860635332763, 27.0, -49.1752710272558, 48.52860635332763, 27.0, -48.2377710272558, 47.52860635332763, 27.0, -48.7377710272558, 53.52860635332763, 27.0, -49.4877710272558, 52.52860635332763, 27.0, -49.9877710272558, 49.52860635332763, 27.0, -50.1752710272558, 50.52860635332763, 27.0, -50.1127710272558, 51.52860635332763, 27.0, -47.3002710272558, 54.52860635332763, 27.0, -43.4252710272558, 53.52860635332763, 27.0, -45.8627710272558, 54.52860635332763, 27.0, -44.6752710272558, 54.52860635332763, 27.0, -42.4877710272558, 49.52860635332763, 27.0, -42.3627710272558, 51.52860635332763, 27.0, -42.3002710272558, 50.52860635332763, 27.0, -38.0502710272558, 45.52860635332763, 27.0, -19.737771027255803, 52.52860635332763, 27.0, 24.074728972744197, 53.52860635332763, 27.0, 18.762228972744197, 67.52860635332763, 27.0], "f": [0, 1, 2, 0, 3, 1, 2, 1, 4, 5, 2, 4, 5, 6, 2, 7, 6, 5, 8, 6, 7, 9, 8, 7, 10, 8, 9, 9, 11, 10, 11, 12, 10, 13, 12, 11, 14, 12, 13, 13, 15, 14, 16, 15, 13, 5, 4, 17, 18, 17, 4, 19, 17, 18, 19, 18, 20, 21, 19, 20, 22, 21, 20, 23, 22, 20, 24, 22, 23, 25, 22, 24, 26, 25, 24, 27, 25, 26, 28, 25, 27, 28, 29, 25, 28, 27, 30, 28, 30, 31, 31, 32, 28, 31, 33, 32, 31, 34, 33, 27, 35, 30, 27, 36, 35, 36, 37, 35, 38, 37, 36, 27, 26, 39, 27, 39, 40, 40, 39, 41, 42, 24, 23, 43, 42, 23, 44, 43, 23, 45, 43, 44]}, "centroids": [[-75.56518238340504, 26.143658321350813, 27.0]]}, "mtl": {"idx": 0}}], "featureCount": 1, "startIndex": 0}