{"type": "block", "layer": 5, "block": 0, "features": [{"geom": {"polygons": [[[[-143.67366641073022, -1.3040414992719889], [-116.17347020516172, 9.208575312048197], [-112.65419110259973, 0.7827866859734058], [-140.3145387993427, -9.918911091983318], [-143.67366641073022, -1.3040414992719889]]]], "centroids": [[-128.23160810465924, -0.3246161211282015, 22.5]], "h": 4.5}, "mtl": {"idx": 0}}], "featureCount": 1, "startIndex": 0}