{"type": "block", "layer": 6, "block": 0, "features": [{"geom": {"polygons": [[[[-145.73081699805334, 3.97181598842144], [-140.3145387993427, -9.918911091983318], [-156.02977102727164, -16.031193647533655], [-161.4203710271977, -2.0969936475157738], [-145.73081699805334, 3.97181598842144]]]], "centroids": [[-150.87555310316384, -6.022614270448685, 22.5]], "h": 4.5}, "mtl": {"idx": 0}}], "featureCount": 1, "startIndex": 0}