{"type": "block", "layer": 13, "block": 0, "features": [{"geom": {"polygons": [[[[24.045728972763754, 53.16410635411739], [-14.328471027198248, 38.51790635287762], [-64.31067102728412, 19.44120635278523], [-66.2845710272668, 18.687806352972984], [-125.52487102721352, -4.229993646964431], [-153.6992710272316, -15.129593646153808], [-156.02977102727164, -16.031193647533655], [-161.4203710271977, -2.0969936475157738], [-137.93577102723066, 6.988306352868676], [-139.33007102727424, 10.504506353288889], [-144.39787102723494, 23.285306353121996], [-144.80347102729138, 24.30800635367632], [-146.9038710272871, 29.605106353759766], [-149.4462710272055, 36.01680635288358], [-149.9769710272085, 37.355406353250146], [-140.806171027245, 43.23820635303855], [-139.52937102725264, 39.93650635331869], [-136.97017102723476, 33.31890635378659], [-135.01577102730516, 28.26530635356903], [-129.71607102721464, 14.560906352475286], [-128.2383710272843, 10.739906353875995], [-123.52087102725636, 12.564906353130937], [-71.67517102730926, 32.622006352990866], [-48.78897102724295, 41.409206353127956], [-47.57607102720067, 41.87490635365248], [-46.78537102730479, 46.72520635277033], [-48.22997102723457, 47.11700635403395], [-49.15937102725729, 48.124206352978945], [-49.969471027259715, 49.46860635280609], [-50.16487102722749, 50.418206352740526], [-50.09637102729175, 51.58520635403693], [-49.51077102730051, 52.80210635252297], [-48.70767102728132, 53.68300635367632], [-47.31477102730423, 54.46980635263026], [-45.83537102723494, 54.523106353357434], [-44.656071027275175, 54.3708063531667], [-43.43847102730069, 53.48490635305643], [-42.797871027258225, 52.50080635398626], [-42.373571027303115, 51.44380635395646], [-42.29757102730218, 50.217106353491545], [-42.51127102726605, 49.33830635249615], [-43.145271027227864, 48.217406352981925], [-39.46847102721222, 44.98780635371804], [-38.06887102720793, 45.52520635351539], [-19.74127102724742, 52.562006352469325], [18.74102897278499, 67.33720635250211], [24.045728972763754, 53.16410635411739]]]], "centroids": [[-75.56518238340504, 26.143658321350813, 0.0]], "h": 40.5}, "mtl": {"idx": 0}}], "featureCount": 1, "startIndex": 0}